Center,Family,Orient,SV_1,SV_2,SV_3,SV_4,SV_5,SV_6,T,C,nu,k
L4,SPO,None,0.622521490762424,0.72584232185884,0,-0.214221454673397,-1.06168968505457,0,6.2669102597272,1.82029042701008,1,1.9996759669047
L4,SPO,None,0.632083544773209,0.732187582421461,0,-0.199674569376858,-1.06195095174,0,6.26718614590808,1.82368110459984,1,1.99965315021208
L4,SPO,None,0.641598565130527,0.738505799188288,0,-0.185293337626867,-1.06222497829681,0,6.26748444428594,1.82732604856371,1,1.99962818568895
L4,SPO,None,0.650815317481801,0.74477626778276,0,-0.171163567591114,-1.0625435955259,0,6.26779677642471,1.83111846786936,1,1.99960168487111
L4,SPO,None,0.660601506228609,0.750008972475434,0,-0.159054107512347,-1.06239666552813,0,6.26816480591884,1.83555839200203,1,1.99957026818449
L4,SPO,None,0.674021031585697,0.753640153792998,0,-0.149400631696953,-1.06098346345011,0,6.26874420139219,1.84248244114599,1,1.99951939073953
L4,SPO,None,0.682784625895122,0.760049562023328,0,-0.1353263961831,-1.06141295501072,0,6.26912955874416,1.84704562845368,1,1.99948512638582
L4,SPO,None,0.69188556650929,0.766267410478629,0,-0.121653995191108,-1.0616662043871,0,6.2695636760677,1.85214693914962,1,1.99944595019856
L4,SPO,None,0.700956715043479,0.772390108223776,0,-0.108263844993283,-1.06184056871525,0,6.27003075056631,1.85758772418186,1,1.99940308612935
L4,SPO,None,0.709928680896487,0.778418809409839,0,-0.0951622043317587,-1.06194157398984,0,6.27052869297457,1.86333501398919,1,1.99935659943566
L4,SPO,None,0.718588226844138,0.784371824952917,0,-0.082352579284912,-1.06200984883532,0,6.27104555312571,1.86923773517218,1,1.99930731946263
L4,SPO,None,0.728411584302798,0.790330319463412,0,-0.069386109997932,-1.06175497371076,0,6.27168185374249,1.87643471467944,1,1.99924569592056
L4,SPO,None,0.725612716132046,0.798884061725214,0,-0.0542151877919518,-1.06474339258212,0,6.27145302011091,1.87385821446931,1,1.99926806415542
L4,SPO,None,0.733921040174659,0.804706575607459,0,-0.0420046421251496,-1.0646167543318,0,6.2720223145743,1.88024519339849,1,1.99921218572902
L4,SPO,None,0.740571157566041,0.810949018402921,0,-0.0294254170469605,-1.06484213384426,0,6.27250431496345,1.88561310707738,1,1.99916412861492
L4,SPO,None,0.748716632374738,0.816612095723589,0,-0.0176963914339301,-1.06451113655542,0,6.27313934888265,1.89260574842054,1,1.99909968833073
L4,SPO,None,0.753239155665465,0.822552186196572,0,-0.00621514573538435,-1.06493725145392,0,6.27350952719336,1.89664950652381,1,1.99906163074464
L4,SPO,None,0.770581769055423,0.824617053500194,0,0.000734463253182814,-1.06136929910159,0,6.27507906878983,1.9134929192092,1,1.99889537768427
L4,SPO,None,0.783171638198563,0.829792584040589,0,0.0123179836818529,-1.05932316543725,0,6.27636267335204,1.92694206916797,1,1.99875416656169
L4,SPO,None,0.797377916699923,0.834866409397031,0,0.0240288152838938,-1.05643720724062,0,6.27798132144393,1.94349406867247,1,1.9985692563384
L4,SPO,None,0.812474730363707,0.839629412825843,0,0.0353992295852091,-1.05268603294854,0,6.27992683964741,1.96281939379033,1,1.99833716794049
L4,SPO,None,0.828604480031,0.842309566134072,0,0.0435289113838345,-1.0474215501107,0,6.28229119323002,1.98553354963453,1,1.99804150529261
L4,SPO,None,0.84325312959963,0.846907819699808,0,0.054662757478906,-1.04232957728349,0,6.28476925528128,2.00848608523387,1,1.9977159752637
L4,SPO,None,0.856854909213066,0.852015380169098,0,0.0664472993417582,-1.03694145588098,0,6.28741188250205,2.03206847785798,1,1.99735158814474
L4,SPO,None,0.871381504772481,0.855492932623443,0,0.0758829059796041,-1.02973700599689,0,6.29063393504492,2.05967616112535,1,1.9968847808113
L4,SPO,None,0.885429226376299,0.858715647785348,0,0.0849624961681718,-1.02148294199221,0,6.29425528839285,2.08932441047719,1,1.99633173104413
L4,SPO,None,0.898937448062819,0.861549974314656,0,0.093499407151898,-1.01203520128141,0,6.29832503511264,2.12105693157912,1,1.99567620720664
L4,SPO,None,0.911807050557483,0.863936917127769,0,0.101426469839808,-1.00128079629465,0,6.30288875756941,2.15483380648643,1,1.99490074911907
L4,SPO,None,0.923854460156937,0.865860948752398,0,0.108718601134988,-0.989200887105917,0,6.30795976442068,2.19034769007191,1,1.99399210999401
L4,SPO,None,0.935114467128815,0.865943176268418,0,0.113326364184687,-0.975457229127242,0,6.31355878101427,2.22734870835408,1,1.99293522987893
L4,SPO,None,0.945857960208707,0.866025403784439,0,0.118342715201799,-0.959486873693083,0,6.32009289305375,2.26791318177441,1,1.99163570589948
L4,SPO,None,0.955022521642788,0.866107631300459,0,0.123340544399602,-0.942540756951734,0,6.32706104146219,2.30841777339536,1,1.99017749904354
L4,SPO,None,0.962598373069224,0.866189858816479,0,0.128268242804585,-0.924778482462008,0,6.33440099420485,2.34836006913818,1,1.98856731841685
L4,SPO,None,0.968319622032389,0.867491570738955,0,0.134690910215251,-0.907058002019509,0,6.34186842965845,2.38644523322086,1,1.98685740517993
L4,SPO,None,0.972877912797956,0.86735872892501,0,0.138986599103499,-0.888268331937839,0,6.34967350027644,2.42380000667413,1,1.98499927798579
L4,SPO,None,0.975995227343907,0.867595808747352,0,0.143594756165855,-0.869271611250336,0,6.35761654638237,2.45950666709037,1,1.98303990159692
L4,SPO,None,0.97269368543844,0.868328923946625,0,0.140297788507352,-0.888636386337604,0,6.34960813249541,2.42349706468665,1,1.98501513866106
L4,SPO,None,0.975966647854502,0.867841183824647,0,0.143951143610838,-0.869232339581214,0,6.35765438854424,2.45967414018173,1,1.98303057460653
L4,SPO,None,0.977892897650353,0.867603854696108,0,0.147699009930351,-0.849867960881069,0,6.36571432013485,2.49375672230959,1,1.98097744882303
L4,SPO,None,0.978669398370404,0.867326291658765,0,0.151171094706195,-0.830348520390217,0,6.37383075954143,2.52610553760269,1,1.97884917890253
L4,SPO,None,0.978489034904463,0.866543974303234,0,0.153735337029459,-0.810676152043101,0,6.38194986731156,2.55666433198121,1,1.97666389617101
L4,SPO,None,0.977400553790228,0.865576163508962,0,0.155821307696644,-0.790973377793022,0,6.39003636682384,2.58546416353325,1,1.97443548642707
L4,SPO,None,0.975486180935858,0.864486185539845,0,0.157510919091046,-0.771292676544169,0,6.39806158712099,2.61256283178793,1,1.97217629379995
L4,SPO,None,0.972820171363732,0.863319719714616,0,0.158861941290255,-0.751669959654876,0,6.40600256819213,2.6380350977348,1,1.96989711486456
L4,SPO,None,0.969466879051037,0.8621170826359,0,0.159924401283527,-0.73212990479711,0,6.41384195510821,2.66196503674098,1,1.96760683570359
L4,SPO,None,0.965489309779352,0.860880628624769,0,0.160699368073342,-0.712683885657906,0,6.42156253734171,2.68443839731031,1,1.96531481760251
L4,SPO,None,0.960913971188599,0.859726823186993,0,0.161331392847268,-0.693353092719877,0,6.42915576224812,2.7055484645693,1,1.96302691263341
L4,SPO,None,0.955792286374322,0.858636782161483,0,0.161791618020871,-0.674140816523711,0,6.43660919813839,2.72537190008219,1,1.960750149971
L4,SPO,None,0.950158454635278,0.857636495728018,0,0.162107912682715,-0.655052981707592,0,6.44391352832129,2.74398633578327,1,1.95849041702112
L4,SPO,None,0.944041093561541,0.85675181375421,0,0.162307186747946,-0.636094503400533,0,6.4510604329871,2.76146453955992,1,1.95625309490721
L4,SPO,None,0.937464728475776,0.856006826979237,0,0.162413464185113,-0.617270307048025,0,6.45804207815585,2.77787365578912,1,1.95404323292845
L4,SPO,None,0.930450273711663,0.855425291656224,0,0.162449804589099,-0.598586129843928,0,6.46485092747732,2.79327539031706,1,1.9518656299411
L4,SPO,None,0.923015724009714,0.855031225193779,0,0.162439187248894,-0.580049383511646,0,6.47147949435161,2.80772606256275,1,1.94972493577182
L4,SPO,None,0.9151779690264,0.854845993074744,0,0.162401284190881,-0.561669755028896,0,6.47792001435565,2.82127651371757,1,1.94762578027106
L4,SPO,None,0.906958744285215,0.854871167262786,0,0.162332779332816,-0.543456927253458,0,6.48416441085696,2.83397264398454,1,1.94557280789713
L4,SPO,None,0.898385023966858,0.855086138653286,0,0.162205594328041,-0.525416974553697,0,6.49020567709888,2.84585860372478,1,1.9435702376838
L4,SPO,None,0.889475268274453,0.855495226174274,0,0.162022269874376,-0.507560011199713,0,6.49603787151555,2.85697680687645,1,1.94162186379674
L4,SPO,None,0.880243553757176,0.856118431718318,0,0.161804640737759,-0.489902477016231,0,6.50165475291078,2.86736548776869,1,1.93973151525837
L4,SPO,None,0.87070632878681,0.856970568334336,0,0.16156979424438,-0.472463890535087,0,6.50704991507192,2.87705933982005,1,1.93790302363479
L4,SPO,None,0.860871997704482,0.858125088397891,0,0.161405482447602,-0.45529483225813,0,6.51221047703659,2.88608039624222,1,1.93614248086909
L4,SPO,None,0.850787221866039,0.859436231741146,0,0.16114433322647,-0.438352077450751,0,6.51714696772291,2.89448260046382,1,1.93444757469082
L4,SPO,None,0.843605430381642,0.855703485055771,0,0.155196417694936,-0.423074839880687,0,6.52129871381053,2.90138326242587,1,1.93301393755129
L4,SPO,None,0.833123892411096,0.857465666816269,0,0.154980119358947,-0.406677868067664,0,6.52580094589526,2.9087041541604,1,1.93145139107321
L4,SPO,None,0.828617476636918,0.864429637475686,0,0.162342112093095,-0.404440201751267,0,6.52658602101483,2.90996212616422,1,1.93117792413336
L4,SPO,None,0.817908302579123,0.866688293765986,0,0.162398260956545,-0.388691448618596,0,6.53072455055814,2.91651449099313,1,1.92973242450118
L4,SPO,None,0.807020641849864,0.868888711669778,0,0.162132866002646,-0.373055380469858,0,6.53467866748054,2.92264550088898,1,1.92834452063486
L4,SPO,None,0.795983623102886,0.87108912254117,0,0.16162804702788,-0.35761008507082,0,6.53843404398797,2.92835295085915,1,1.92702011883486
L4,SPO,None,0.784865035546754,0.873543970911929,0,0.161224653217612,-0.34263517583784,0,6.54193381161874,2.93357306321616,1,1.92578038893517
L4,SPO,None,0.773679140623008,0.876133827262486,0,0.160792001079654,-0.328045266810383,0,6.54520539569846,2.9383681901815,1,1.92461669983166
L4,SPO,None,0.762449801035483,0.878828841534171,0,0.160312347716598,-0.313836868278254,0,6.54825794812083,2.94276979529949,1,1.92352673160371
L4,SPO,None,0.75119914242456,0.881603490347991,0,0.15977312616948,-0.300006816515897,0,6.55110083020228,2.94680710320472,1,1.92250797852418
L4,SPO,None,0.739945244019156,0.884431943144499,0,0.159160011899428,-0.286545815126216,0,6.55374472327616,2.95050895818368,1,1.92155736055904
L4,SPO,None,0.728701071301249,0.887288135148333,0,0.158456114798268,-0.273437540675734,0,6.55620150589481,2.95390377841449,1,1.92067126701331
L4,SPO,None,0.717473230087466,0.890145678461279,0,0.15764086681055,-0.260657527161494,0,6.55848414222411,2.95701954914476,1,1.91984559891724
L4,SPO,None,0.706259544209076,0.892976746185052,0,0.156687051387838,-0.248169936430464,0,6.56060691214381,2.95988428163004,1,1.91907568882436
L4,SPO,None,0.695043093914232,0.895748526176915,0,0.155552966035571,-0.235918424252168,0,6.5625865224559,2.96252761623641,1,1.91835589914346
L4,SPO,None,0.683772694824447,0.898410427058502,0,0.154155866950259,-0.223794384623305,0,6.56444651984066,2.96498667945185,1,1.91767801073909
L4,SPO,None,0.672273999411616,0.900827718070176,0,0.152240796246956,-0.211485238096139,0,6.56623904884372,2.96733424572794,1,1.91702324955064
L4,SPO,None,0.659830917431816,0.902022626381395,0,0.148155160838485,-0.197445872369421,0,6.568195735277,2.96987254124121,1,1.91630693410094
L4,SPO,None,0.647310523184069,0.903195292770772,0,0.143870509023231,-0.183622082456103,0,6.56999948805811,2.97218967331295,1,1.91564507460155
L4,SPO,None,0.636090685790508,0.90550124639021,0,0.141643402226443,-0.172402925052492,0,6.57133928310585,2.97389541879081,1,1.9151523566658
L4,SPO,None,0.624765322613748,0.907622592362383,0,0.13904530771386,-0.161176594282897,0,6.5725984434001,2.97548899277205,1,1.91468868823157
L4,SPO,None,0.616142402273656,0.910404397339053,0,0.138647109644121,-0.153621294024045,0,6.57335650968283,2.97644434908829,1,1.91440930282786
L4,SPO,None,0.604028025210681,0.911927680768832,0,0.134721262854259,-0.141543994160146,0,6.57457619681663,2.97797114283381,1,1.91395896689744
L4,SPO,None,0.591443953665364,0.913121834585548,0,0.130011864201046,-0.129015971769159,0,6.57575175715024,2.97943329604571,1,1.91352424783769
L4,SPO,None,0.578343290578952,0.913750176396577,0,0.124138376099502,-0.115857602830758,0,6.57689476510387,2.98084694882069,1,1.91310102192243
L4,SPO,None,0.565409205812447,0.913484636298245,0,0.116957499624284,-0.102568412364493,0,6.57796222036264,2.9821602101689,1,1.91270530870624
L4,SPO,None,0.554886419797867,0.912278390098029,0,0.10958087866817,-0.0913124842671006,0,6.5788039646178,2.98319368245277,1,1.91239329863936
L4,SPO,None,0.547599842619559,0.910686594749951,0,0.103300685515676,-0.0831309415727758,0,6.57938537331999,2.98390379494286,1,1.9121774707849
L4,SPO,None,0.542738204625531,0.909059812077549,0,0.0982411010814209,-0.077350334742444,0,6.57978552134559,2.98438841905952,1,1.91202845642778
L4,SPO,None,0.539094299226347,0.907509641356058,0,0.0939348970716973,-0.0728281844745171,0,6.58008948924166,2.9847559142431,1,1.91191520829349
